scenario,cpr,cdr,lgd,recovery_lag_m,irr_ann,npv,wal_years
Base,0.1,0.03,0.55,3,0.03811142998382744,-3975096.8266626685,2.7628203101374713
CDR x2,0.1,0.06,0.55,3,0.022114821436425958,-4974062.103993829,2.5032327100673806
LGD +10pp,0.1,0.03,0.65,3,0.03498505143509467,-4254642.098573089,2.7628203101374713
Recovery lag +6m,0.1,0.03,0.55,9,0.03784813755259808,-4024532.189938329,2.7628203101374713
CPR down 40%,0.06,0.03,0.55,3,0.031029948304242216,-5213428.835659902,3.2034229415340363
Combined downside,0.06,0.06,0.65,9,0.012587700765586796,-6616176.207156076,2.9319191421267323
